date,url,title,rate_pct,rate_change_bp,n_words,n_hawkish,n_dovish,tone_score_net,tone_score_per_kw
2009-01-20,https://www.bankofcanada.ca/2009/01/fad-press-release-2009-01-20/,Bank of Canada lowers overnight rate target by 1/2 percentage point to 1 per cent,1.0,,481,0,5,-1.0,-10.395010395010395
2009-03-03,https://www.bankofcanada.ca/2009/03/fad-press-release-2009-03-03/,Bank of Canada lowers overnight rate target by 1/2 percentage point to 1/2 per cent,0.5,-50.0,493,0,4,-1.0,-8.113590263691684
2009-04-21,https://www.bankofcanada.ca/2009/04/fad-press-release-2009-04-21/,"Bank of Canada lowers overnight rate target by 1/4 percentage point to 1/4 per cent and, conditional on the inflation outlook, commits to hold current policy rate until the end of the second quarter of 2010",0.25,-25.0,656,0,16,-1.0,-24.390243902439025
2009-06-04,https://www.bankofcanada.ca/2009/06/fad-press-release-2009-06-04/,Bank of Canada maintains overnight rate target at 1/4 per cent and reiterates conditional commitment to hold current policy rate until the end of the second quarter of 2010,0.25,0.0,311,0,3,-1.0,-9.64630225080386
2009-07-21,https://www.bankofcanada.ca/2009/07/fad-press-release-2009-07-21/,Bank of Canada maintains overnight rate target at 1/4 per cent and reiterates conditional commitment to hold current policy rate until the end of the second quarter of 2010,0.25,0.0,500,0,5,-1.0,-10.0
2009-09-10,https://www.bankofcanada.ca/2009/09/fad-press-release-2009-09-10/,Bank of Canada maintains overnight rate target at 1/4 per cent and reiterates conditional commitment to hold current policy rate until the end of the second quarter of 2010,0.25,0.0,362,0,4,-1.0,-11.049723756906078
2009-10-20,https://www.bankofcanada.ca/2009/10/fad-press-release-2009-10-20/,Bank of Canada maintains overnight rate target at 1/4 per cent and reiterates conditional commitment to hold current policy rate until the end of the second quarter of 2010,0.25,0.0,487,2,4,-0.3333333333333333,-4.106776180698152
2009-12-08,https://www.bankofcanada.ca/2009/12/fad-press-release-2009-12-08/,Bank of Canada maintains overnight rate target at 1/4 per cent and reiterates conditional commitment to hold current policy rate until the end of the second quarter of 2010,0.25,0.0,412,0,2,-1.0,-4.854368932038835
2010-01-19,https://www.bankofcanada.ca/2010/01/fad-press-release-2010-01-19/,Bank of Canada maintains overnight rate target at 1/4 per cent and reiterates conditional commitment to hold current policy rate until the end of the second quarter of 2010,0.25,0.0,578,0,4,-1.0,-6.920415224913495
2010-04-20,https://www.bankofcanada.ca/2010/04/fad-press-release-2010-04-20/,Bank of Canada maintains overnight rate target at 1/4 per cent; removes conditional commitment,0.25,0.0,562,0,5,-1.0,-8.896797153024911
2010-06-01,https://www.bankofcanada.ca/2010/06/fad-press-release-2010-06-01/,Bank of Canada increases overnight rate target to 1/2 per cent and re-establishes normal functioning of the overnight market,0.5,25.0,442,2,5,-0.42857142857142855,-6.787330316742081
2010-07-20,https://www.bankofcanada.ca/2010/07/fad-press-release-2010-07-20/,Bank of Canada increases overnight rate target to 3/4 per cent,0.75,25.0,505,0,4,-1.0,-7.920792079207921
2010-09-08,https://www.bankofcanada.ca/2010/09/fad-press-release-2010-09-08/,Bank of Canada increases overnight rate target to 1 per cent,1.0,25.0,338,1,5,-0.6666666666666666,-11.834319526627219
2010-10-19,https://www.bankofcanada.ca/2010/10/fad-press-release-2010-10-19/,Bank of Canada maintains overnight rate target at 1 per cent,1.0,0.0,593,1,5,-0.6666666666666666,-6.745362563237774
2010-12-07,https://www.bankofcanada.ca/2010/12/fad-press-release-2010-12-07/,Bank of Canada maintains overnight rate target at 1 per cent,1.0,0.0,342,0,3,-1.0,-8.771929824561402
2011-01-18,https://www.bankofcanada.ca/2011/01/fad-press-release-2011-01-18/,Bank of Canada maintains overnight rate target at 1 per cent,1.0,0.0,537,2,5,-0.42857142857142855,-5.58659217877095
2011-03-01,https://www.bankofcanada.ca/2011/03/fad-press-release-2011-03-01/,Bank of Canada maintains overnight rate target at 1 per cent,1.0,0.0,378,2,4,-0.3333333333333333,-5.291005291005291
2011-04-12,https://www.bankofcanada.ca/2011/04/fad-press-release-2011-04-12/,Bank of Canada maintains overnight rate target at 1 per cent,1.0,0.0,653,3,5,-0.25,-3.0627871362940278
2011-05-31,https://www.bankofcanada.ca/2011/05/fad-press-release-2011-05-31/,Bank of Canada maintains overnight rate target at 1 per cent,1.0,0.0,490,5,4,0.1111111111111111,2.0408163265306123
2011-07-19,https://www.bankofcanada.ca/2011/07/fad-press-release-2011-07-19/,Bank of Canada maintains overnight rate target at 1 per cent,1.0,0.0,669,4,4,0.0,0.0
2011-09-07,https://www.bankofcanada.ca/2011/09/fad-press-release-2011-09-07/,Bank of Canada maintains overnight rate target at 1 per cent,1.0,0.0,543,4,7,-0.2727272727272727,-5.524861878453039
2011-10-25,https://www.bankofcanada.ca/2011/10/fad-press-release-2011-10-25/,Bank of Canada maintains overnight rate target at 1 per cent,1.0,0.0,773,3,13,-0.625,-12.936610608020699
2011-12-06,https://www.bankofcanada.ca/2011/12/fad-press-release-2011-12-06/,Bank of Canada maintains overnight rate target at 1 per cent,1.0,0.0,477,1,5,-0.6666666666666666,-8.385744234800839
2012-01-17,https://www.bankofcanada.ca/2012/01/fad-press-release-2012-01-17/,Bank of Canada maintains overnight rate target at 1 per cent,1.0,0.0,638,1,8,-0.7777777777777778,-10.9717868338558
2012-03-08,https://www.bankofcanada.ca/2012/03/fad-press-release-2012-03-08/,Bank of Canada maintains overnight rate target at 1 per cent,1.0,0.0,506,1,3,-0.5,-3.952569169960474
2012-04-17,https://www.bankofcanada.ca/2012/04/fad-press-release-2012-04-17/,Bank of Canada maintains overnight rate target at 1 per cent,1.0,0.0,615,1,4,-0.6,-4.878048780487805
2012-06-05,https://www.bankofcanada.ca/2012/06/fad-press-release-2012-06-05/,Bank of Canada maintains overnight rate target at 1 per cent,1.0,0.0,422,0,4,-1.0,-9.47867298578199
2012-07-17,https://www.bankofcanada.ca/2012/07/fad-press-release-2012-07-17/,Bank of Canada maintains overnight rate target at 1 per cent,1.0,0.0,601,3,9,-0.5,-9.983361064891847
2012-09-05,https://www.bankofcanada.ca/2012/09/fad-press-release-2012-09-05/,Bank of Canada maintains overnight rate target at 1 per cent,1.0,0.0,420,1,4,-0.6,-7.142857142857142
2012-10-23,https://www.bankofcanada.ca/2012/10/fad-press-release-2012-10-23/,Bank of Canada maintains overnight rate target at 1 per cent,1.0,0.0,541,0,4,-1.0,-7.393715341959335
2012-12-04,https://www.bankofcanada.ca/2012/12/fad-press-release-2012-12-04/,Bank of Canada maintains overnight rate target at 1 per cent,1.0,0.0,453,2,4,-0.3333333333333333,-4.415011037527594
2013-01-23,https://www.bankofcanada.ca/2013/01/fad-press-release-2013-01-23/,Bank of Canada maintains overnight rate target at 1 per cent,1.0,0.0,611,1,7,-0.75,-9.819967266775777
2013-03-06,https://www.bankofcanada.ca/2013/03/fad-press-release-2013-03-06/,Bank of Canada maintains overnight rate target at 1 per cent,1.0,0.0,537,1,4,-0.6,-5.58659217877095
2013-05-29,https://www.bankofcanada.ca/2013/05/fad-press-release-2013-05-29/,Bank of Canada maintains overnight rate target at 1 per cent,1.0,0.0,432,0,2,-1.0,-4.62962962962963
2013-09-04,https://www.bankofcanada.ca/2013/09/fad-press-release-2013-09-04/,Bank of Canada maintains overnight rate target at 1 per cent,1.0,0.0,389,0,0,0.0,0.0
2013-12-04,https://www.bankofcanada.ca/2013/12/fad-press-release-2013-12-04/,Bank of Canada maintains overnight rate target at 1 per cent,1.0,0.0,424,0,4,-1.0,-9.433962264150942
2014-01-22,https://www.bankofcanada.ca/2014/01/fad-press-release-2014-01-22/,Bank of Canada maintains overnight rate target at 1 per cent,1.0,0.0,483,0,6,-1.0,-12.422360248447204
2014-03-05,https://www.bankofcanada.ca/2014/03/fad-press-release-2014-03-05/,Bank of Canada maintains overnight rate target at 1 per cent,1.0,0.0,424,0,4,-1.0,-9.433962264150942
2014-04-16,https://www.bankofcanada.ca/2014/04/fad-press-release-2014-04-16/,Bank of Canada maintains overnight rate target at 1 per cent,1.0,0.0,628,0,7,-1.0,-11.146496815286623
2014-06-04,https://www.bankofcanada.ca/2014/06/fad-press-release-2014-06-04/,Bank of Canada maintains overnight rate target at 1 per cent,1.0,0.0,434,0,6,-1.0,-13.82488479262673
2014-07-16,https://www.bankofcanada.ca/2014/07/fad-press-release-2014-07-16/,Bank of Canada maintains overnight rate target at 1 per cent,1.0,0.0,488,0,3,-1.0,-6.147540983606557
2014-09-03,https://www.bankofcanada.ca/2014/09/fad-press-release-2014-09-03/,Bank of Canada maintains overnight rate target at 1 per cent,1.0,0.0,420,0,3,-1.0,-7.142857142857142
2014-10-22,https://www.bankofcanada.ca/2014/10/fad-press-release-2014-10-22/,Bank of Canada maintains overnight rate target at 1 per cent,1.0,0.0,502,2,1,0.3333333333333333,1.9920318725099602
2014-12-03,https://www.bankofcanada.ca/2014/12/fad-press-release-2014-12-03/,Bank of Canada maintains overnight rate target at 1 per cent,1.0,0.0,385,0,2,-1.0,-5.194805194805195
2015-03-04,https://www.bankofcanada.ca/2015/03/fad-press-release-2015-03-04/,Bank of Canada maintains overnight rate target at 3/4 per cent,0.75,-25.0,407,0,2,-1.0,-4.914004914004914
2015-05-27,https://www.bankofcanada.ca/2015/05/fad-press-release-2015-05-27/,Bank of Canada maintains overnight rate target at 3/4 per cent,0.75,0.0,401,0,1,-1.0,-2.493765586034913
2015-09-09,https://www.bankofcanada.ca/2015/09/fad-press-release-2015-09-09/,Bank of Canada maintains overnight rate target at 1/2 per cent,0.5,-25.0,394,2,2,0.0,0.0
2015-12-02,https://www.bankofcanada.ca/2015/12/fad-press-release-2015-12-02/,Bank of Canada maintains overnight rate target at 1/2 per cent,0.5,0.0,454,0,2,-1.0,-4.405286343612335
2016-03-09,https://www.bankofcanada.ca/2016/03/fad-press-release-2016-03-09/,Bank of Canada maintains overnight rate target at 1/2 per cent,0.5,0.0,462,0,3,-1.0,-6.493506493506494
2016-05-25,https://www.bankofcanada.ca/2016/05/fad-press-release-2016-05-25/,Bank of Canada maintains overnight rate target at 1/2 per cent,0.5,0.0,412,1,3,-0.5,-4.854368932038835
2016-09-07,https://www.bankofcanada.ca/2016/09/fad-press-release-2016-09-07/,Bank of Canada maintains overnight rate target at 1/2 per cent,0.5,0.0,474,0,3,-1.0,-6.329113924050633
2016-12-07,https://www.bankofcanada.ca/2016/12/fad-press-release-2016-12-07/,Bank of Canada maintains overnight rate target at 1/2 per cent,0.5,0.0,366,0,2,-1.0,-5.46448087431694
2017-01-18,https://www.bankofcanada.ca/2017/01/fad-press-release-2017-01-18/,Bank of Canada maintains overnight rate target at 1/2 per cent,0.5,0.0,474,0,4,-1.0,-8.438818565400844
2017-03-01,https://www.bankofcanada.ca/2017/03/fad-press-release-2017-03-01/,Bank of Canada maintains overnight rate target at 1/2 per cent,0.5,0.0,308,0,4,-1.0,-12.987012987012989
2017-04-12,https://www.bankofcanada.ca/2017/04/fad-press-release-2017-04-12/,Bank of Canada maintains overnight rate target at 1/2 per cent,0.5,0.0,593,0,4,-1.0,-6.745362563237774
2017-05-24,https://www.bankofcanada.ca/2017/05/fad-press-release-2017-05-24/,Bank of Canada maintains overnight rate target at 1/2 per cent,0.5,0.0,381,1,1,0.0,0.0
2017-07-12,https://www.bankofcanada.ca/2017/07/fad-press-release-2017-07-12/,Bank of Canada increases overnight rate target to 3/4 per cent,0.75,25.0,590,1,4,-0.6,-5.084745762711864
2017-09-06,https://www.bankofcanada.ca/2017/09/fad-press-release-2017-09-06/,Bank of Canada increases overnight rate target to 1 per cent,1.0,25.0,456,3,2,0.2,2.1929824561403506
2017-10-25,https://www.bankofcanada.ca/2017/10/fad-press-release-2017-10-25/,Bank of Canada maintains overnight rate target at 1 per cent,1.0,0.0,526,3,1,0.5,3.802281368821293
2017-12-06,https://www.bankofcanada.ca/2017/12/fad-press-release-2017-12-06/,Bank of Canada maintains overnight rate target at 1 per cent,1.0,0.0,436,3,1,0.5,4.587155963302752
2018-01-17,https://www.bankofcanada.ca/2018/01/fad-press-release-2018-01-17/,Bank of Canada increases overnight rate target to 1 1/4 per cent,1.25,25.0,604,4,0,1.0,6.622516556291391
2018-03-07,https://www.bankofcanada.ca/2018/03/fad-press-release-2018-03-07/,Bank of Canada maintains overnight rate target at 1 1/4 per cent,1.25,0.0,459,4,0,1.0,8.71459694989107
2018-04-18,https://www.bankofcanada.ca/2018/04/fad-press-release-2018-04-18/,Bank of Canada maintains overnight rate target at 1 ¼ per cent,1.25,0.0,602,2,4,-0.3333333333333333,-3.3222591362126246
2018-05-30,https://www.bankofcanada.ca/2018/05/fad-press-release-2018-05-30/,Bank of Canada maintains overnight rate target at 1¼ per cent,1.25,0.0,384,2,0,1.0,5.208333333333333
2018-07-11,https://www.bankofcanada.ca/2018/07/fad-press-release-2018-07-11/,Bank of Canada raises overnight rate target to 1 ½ per cent,1.5,25.0,536,8,4,0.3333333333333333,7.462686567164179
2018-09-05,https://www.bankofcanada.ca/2018/09/fad-press-release-2018-09-05/,Bank of Canada maintains overnight rate target at 1 ½ per cent,1.5,0.0,469,6,2,0.5,8.528784648187633
2018-10-24,https://www.bankofcanada.ca/2018/10/fad-press-release-2018-10-24/,Bank of Canada increases overnight rate target to 1 ¾ per cent,1.75,25.0,554,4,3,0.14285714285714285,1.8050541516245489
2018-12-05,https://www.bankofcanada.ca/2018/12/fad-press-release-2018-12-05/,Bank of Canada maintains overnight rate target at 1 ¾ per cent,1.75,0.0,544,5,4,0.1111111111111111,1.838235294117647
2019-01-09,https://www.bankofcanada.ca/2019/01/fad-press-release-2019-01-09/,Bank of Canada maintains overnight rate target at 1 ¾ per cent,1.75,0.0,622,2,4,-0.3333333333333333,-3.215434083601286
2019-03-06,https://www.bankofcanada.ca/2019/03/fad-press-release-2019-03-06/,Bank of Canada maintains overnight rate target at 1 ¾ per cent,1.75,0.0,449,1,2,-0.3333333333333333,-2.2271714922048997
2019-04-24,https://www.bankofcanada.ca/2019/04/fad-press-release-2019-04-24/,Bank of Canada maintains overnight rate target at 1 ¾ per cent,1.75,0.0,546,1,6,-0.7142857142857143,-9.157509157509159
2019-05-29,https://www.bankofcanada.ca/2019/05/fad-press-release-2019-05-29/,Bank of Canada maintains overnight rate target at 1 ¾ per cent,1.75,0.0,386,0,4,-1.0,-10.362694300518134
2019-07-10,https://www.bankofcanada.ca/2019/07/fad-press-release-2019-07-10/,Bank of Canada maintains overnight rate target at 1 ¾ percent,1.75,0.0,524,0,9,-1.0,-17.17557251908397
2019-09-04,https://www.bankofcanada.ca/2019/09/fad-press-release-2019-09-04/,Bank of Canada maintains overnight rate target at 1 ¾ percent,1.75,0.0,442,0,3,-1.0,-6.787330316742081
2019-10-30,https://www.bankofcanada.ca/2019/10/fad-press-release-2019-10-30/,Bank of Canada maintains overnight rate target at 1 ¾ percent,1.75,0.0,506,0,4,-1.0,-7.905138339920948
2019-12-04,https://www.bankofcanada.ca/2019/12/fad-press-release-2019-12-04/,Bank of Canada maintains overnight rate target at 1 ¾ percent,1.75,0.0,394,1,4,-0.6,-7.614213197969543
2020-01-22,https://www.bankofcanada.ca/2020/01/fad-press-release-2020-01-22/,Bank of Canada maintains overnight rate target at 1 ¾ percent,1.75,0.0,532,0,1,-1.0,-1.8796992481203008
2020-03-04,https://www.bankofcanada.ca/2020/03/fad-press-release-2020-03-04/,Bank of Canada lowers overnight rate target to 1 ¼ percent,1.25,-50.0,471,0,3,-1.0,-6.369426751592357
2020-04-15,https://www.bankofcanada.ca/2020/04/fad-press-release-2020-04-15/,Bank of Canada maintains overnight rate target and unveils new market operations,0.25,-100.0,852,0,10,-1.0,-11.737089201877934
2020-06-03,https://www.bankofcanada.ca/2020/06/fad-press-release-2020-06-03/,"Bank of Canada maintains target for the overnight rate, scales back some market operations as financial conditions improve",0.25,0.0,589,0,4,-1.0,-6.791171477079796
2020-07-15,https://www.bankofcanada.ca/2020/07/fad-press-release-2020-07-15/,"Bank of Canada will maintain current level of policy rate until inflation objective is achieved, continues program of quantitative easing",0.25,0.0,789,2,8,-0.6,-7.604562737642586
2020-09-09,https://www.bankofcanada.ca/2020/09/fad-press-release-2020-09-09/,"Bank of Canada maintains commitment to current level of policy rate, continues program of quantitative easing",0.25,0.0,606,0,10,-1.0,-16.5016501650165
2020-10-28,https://www.bankofcanada.ca/2020/10/fad-press-release-2020-10-28/,"Bank of Canada will maintain current level of policy rate until inflation objective is achieved, recalibrates its quantitative easing program",0.25,0.0,666,0,9,-1.0,-13.513513513513514
2020-12-09,https://www.bankofcanada.ca/2020/12/fad-press-release-2020-12-09/,"Bank of Canada will maintain current level of policy rate until inflation objective is achieved, continues its quantitative easing program",0.25,0.0,613,0,11,-1.0,-17.94453507340946
2021-01-20,https://www.bankofcanada.ca/2021/01/fad-press-release-2021-01-20/,"Bank of Canada will hold current level of policy rate until inflation objective is achieved, continues quantitative easing",0.25,0.0,695,0,9,-1.0,-12.949640287769784
2021-03-10,https://www.bankofcanada.ca/2021/03/fad-press-release-2021-03-10/,"Bank of Canada will hold current level of policy rate until inflation objective is sustainably achieved, continues quantitative easing",0.25,0.0,658,0,11,-1.0,-16.717325227963524
2021-04-21,https://www.bankofcanada.ca/2021/04/fad-press-release-2021-04-21/,"Bank of Canada will hold current level of policy rate until inflation objective is sustainably achieved, adjusts quantitative easing program",0.25,0.0,879,1,11,-0.8333333333333334,-11.376564277588168
2021-06-09,https://www.bankofcanada.ca/2021/06/fad-press-release-2021-06-09/,"Bank of Canada will hold current level of policy rate until inflation objective is sustainably achieved, continues quantitative easing",0.25,0.0,652,1,11,-0.8333333333333334,-15.337423312883436
2021-07-14,https://www.bankofcanada.ca/2021/07/fad-press-release-2021-07-14/,"Bank of Canada maintains policy rate and forward guidance, adjusts quantitative easing program",0.25,0.0,779,0,11,-1.0,-14.120667522464698
2021-09-08,https://www.bankofcanada.ca/2021/09/fad-press-release-2021-09-08/,"Bank of Canada maintains policy rate, continues forward guidance  and current pace of quantitative easing",0.25,0.0,528,2,10,-0.6666666666666666,-15.151515151515152
2021-10-27,https://www.bankofcanada.ca/2021/10/fad-press-release-2021-10-27/,"Bank of Canada maintains policy rate and forward guidance,  ends quantitative easing",0.25,0.0,690,0,10,-1.0,-14.492753623188406
2021-12-08,https://www.bankofcanada.ca/2021/12/fad-press-release-2021-12-08/,Bank of Canada maintains policy rate and forward guidance,0.25,0.0,579,3,9,-0.5,-10.362694300518134
2022-01-26,https://www.bankofcanada.ca/2022/01/fad-press-release-2022-01-26/,"Bank of Canada maintains policy rate, removes exceptional forward guidance",0.25,0.0,677,2,10,-0.6666666666666666,-11.816838995568686
2022-03-02,https://www.bankofcanada.ca/2022/03/fad-press-release-2022-03-02/,Bank of Canada increases policy interest rate,0.25,0.0,591,8,2,0.6,10.15228426395939
2022-04-13,https://www.bankofcanada.ca/2022/04/fad-press-release-2022-04-13/,"Bank of Canada increases policy interest rate by 50 basis points, begins quantitative tightening",0.5,25.0,726,16,2,0.7777777777777778,19.28374655647383
2022-06-01,https://www.bankofcanada.ca/2022/06/fad-press-release-2022-06-01/,"Bank of Canada increases policy interest rate by 50 basis points, continues quantitative tightening",1.0,50.0,483,14,3,0.6470588235294118,22.77432712215321
2022-07-13,https://www.bankofcanada.ca/2022/07/fad-press-release-2022-07-13/,"Bank of Canada increases policy interest rate by 100 basis points, continues quantitative tightening",1.5,50.0,647,20,1,0.9047619047619048,29.36630602782071
2022-09-07,https://www.bankofcanada.ca/2022/09/fad-press-release-2022-09-07/,"Bank of Canada increases policy interest rate by 75 basis points,  continues quantitative tightening",2.5,100.0,452,13,0,1.0,28.761061946902654
2022-10-26,https://www.bankofcanada.ca/2022/10/fad-press-release-2022-10-26/,"Bank of Canada increases policy interest rate by 50 basis points, continues quantitative tightening",3.25,75.0,687,21,7,0.5,20.378457059679768
2022-12-07,https://www.bankofcanada.ca/2022/12/fad-press-release-2022-12-07/,"Bank of Canada increases policy interest rate by 50 basis points,  continues quantitative tightening",3.75,50.0,408,8,2,0.6,14.705882352941176
2023-01-25,https://www.bankofcanada.ca/2023/01/fad-press-release-2023-01-25/,"Bank of Canada increases policy interest rate by 25 basis points, continues quantitative tightening",4.25,50.0,635,8,1,0.7777777777777778,11.023622047244094
2023-03-08,https://www.bankofcanada.ca/2023/03/fad-press-release-2023-03-08/,"Bank of Canada maintains policy rate, continues quantitative tightening",4.5,25.0,550,5,3,0.25,3.6363636363636362
2023-04-12,https://www.bankofcanada.ca/2023/04/fad-press-release-2023-04-12/,"Bank of Canada maintains policy rate, continues quantitative tightening",4.5,0.0,637,7,6,0.07692307692307693,1.5698587127158556
2023-06-07,https://www.bankofcanada.ca/2023/06/fad-press-release-2023-06-07/,"Bank of Canada raises policy rate 25 basis points, continues quantitative tightening",4.5,0.0,537,11,2,0.6923076923076923,16.75977653631285
2023-07-12,https://www.bankofcanada.ca/2023/07/fad-press-release-2023-07-12/,"Bank of Canada raises policy rate 25 basis points, continues quantitative tightening",4.75,25.0,739,15,7,0.36363636363636365,10.825439783491206
2023-09-06,https://www.bankofcanada.ca/2023/09/fad-press-release-2023-09-06/,"Bank of Canada maintains policy rate, continues quantitative tightening",5.0,25.0,543,11,9,0.1,3.6832412523020257
2023-10-25,https://www.bankofcanada.ca/2023/10/fad-press-release-2023-10-25/,"Bank of Canada maintains policy rate, continues quantitative tightening",5.0,0.0,700,8,9,-0.058823529411764705,-1.4285714285714286
2023-12-06,https://www.bankofcanada.ca/2023/12/fad-press-release-2023-12-06/,"Bank of Canada maintains policy rate, continues quantitative tightening",5.0,0.0,526,10,5,0.3333333333333333,9.505703422053232
2024-01-24,https://www.bankofcanada.ca/2024/01/fad-press-release-2024-01-24/,"Bank of Canada maintains policy rate, continues quantitative tightening",5.0,0.0,546,4,8,-0.3333333333333333,-7.326007326007326
2024-03-06,https://www.bankofcanada.ca/2024/03/fad-press-release-2024-03-06/,"Bank of Canada maintains policy rate, continues quantitative tightening",5.0,0.0,429,5,7,-0.16666666666666666,-4.662004662004662
2024-04-10,https://www.bankofcanada.ca/2024/04/fad-press-release-2024-04-10/,"Bank of Canada maintains policy rate, continues quantitative tightening",5.0,0.0,607,4,7,-0.2727272727272727,-4.942339373970346
2024-06-05,https://www.bankofcanada.ca/2024/06/fad-press-release-2024-06-05/,Bank of Canada reduces policy rate by 25 basis points,5.0,0.0,458,1,5,-0.6666666666666666,-8.73362445414847
2024-07-24,https://www.bankofcanada.ca/2024/07/fad-press-release-2024-07-24/,Bank of Canada reduces policy rate by 25 basis points to 4½%,4.75,-25.0,651,6,9,-0.2,-4.608294930875576
2024-09-04,https://www.bankofcanada.ca/2024/09/fad-press-release-2024-09-04/,Bank of Canada reduces policy rate by 25 basis points to 4¼%,4.5,-25.0,403,2,4,-0.3333333333333333,-4.962779156327543
2024-10-23,https://www.bankofcanada.ca/2024/10/fad-press-release-2024-10-23/,Bank of Canada reduces policy rate by 50 basis points to 3¾%,4.25,-25.0,649,2,8,-0.6,-9.244992295839754
2024-12-11,https://www.bankofcanada.ca/2024/12/fad-press-release-2024-12-11/,Bank of Canada reduces policy rate by 50 basis points to 3¼%,3.75,-50.0,619,1,7,-0.75,-9.693053311793214
2025-01-29,https://www.bankofcanada.ca/2025/01/fad-press-release-2025-01-29/,"Bank of Canada reduces policy rate by 25 basis points to 3%, announces end of quantitative tightening",3.25,-50.0,1416,9,15,-0.25,-4.237288135593221
2025-03-12,https://www.bankofcanada.ca/2025/03/fad-press-release-2025-03-12/,Bank of Canada reduces policy rate by 25 basis points to 2¾%,3.0,-25.0,619,3,13,-0.625,-16.15508885298869
2025-04-16,https://www.bankofcanada.ca/2025/04/fad-press-release-2025-04-16/,Bank of Canada holds policy rate at 2¾%,2.75,-25.0,699,2,19,-0.8095238095238095,-24.320457796852647
2025-06-04,https://www.bankofcanada.ca/2025/06/fad-press-release-2025-06-04/,Bank of Canada holds policy rate at 2¾%,2.75,0.0,676,2,12,-0.7142857142857143,-14.792899408284024
2025-07-30,https://www.bankofcanada.ca/2025/07/fad-press-release-2025-07-30/,Bank of Canada holds policy rate at 2¾%,2.75,0.0,871,2,25,-0.8518518518518519,-26.40642939150402
2025-09-17,https://www.bankofcanada.ca/2025/09/fad-press-release-2025-09-17/,Bank of Canada lowers policy rate to 2½%,2.75,0.0,595,0,12,-1.0,-20.16806722689076
2025-10-29,https://www.bankofcanada.ca/2025/10/fad-press-release-2025-10-29/,Bank of Canada lowers policy rate to 2¼%,2.5,-25.0,715,2,9,-0.6363636363636364,-9.790209790209792
2025-12-10,https://www.bankofcanada.ca/2025/12/fad-press-release-2025-12-10/,Bank of Canada maintains policy rate at 2¼%,2.25,-25.0,490,0,4,-1.0,-8.16326530612245
2026-01-28,https://www.bankofcanada.ca/2026/01/fad-press-release-2026-01-28/,Bank of Canada maintains policy rate at 2¼%,2.25,0.0,551,0,6,-1.0,-10.88929219600726
2026-03-18,https://www.bankofcanada.ca/2026/03/fad-press-release-2026-03-18/,Bank of Canada maintains policy rate at 2¼%,2.25,0.0,626,3,4,-0.14285714285714285,-1.5974440894568689
2026-04-29,https://www.bankofcanada.ca/2026/04/fad-press-release-2026-04-29/,Bank of Canada maintains policy rate at 2¼%,2.25,0.0,744,1,11,-0.8333333333333334,-13.440860215053764
