date,title,n_words,n_hawkish,n_dovish,tone_score_net,tone_score_per_kw,hawkish_terms,dovish_terms
2009-01-20,Bank of Canada lowers overnight rate target by 1/2 percentage point to 1 per cent,481,0,3,-1.0,-6.237006237006238,,recession(1); ease(1); easing(1)
2009-03-03,Bank of Canada lowers overnight rate target by 1/2 percentage point to 1/2 per cent,493,0,3,-1.0,-6.085192697768763,,easing(2); recession(1)
2009-04-21,"Bank of Canada lowers overnight rate target by 1/4 percentage point to 1/4 per cent and, conditional on the inflation outlook, commits to hold current policy rate until the end of the second quarter of 2010",656,0,6,-1.0,-9.146341463414634,,recession(2); easing(2); deteriorating(1); accommodative(1)
2009-06-04,Bank of Canada maintains overnight rate target at 1/4 per cent and reiterates conditional commitment to hold current policy rate until the end of the second quarter of 2010,311,0,1,-1.0,-3.215434083601286,,weakness(1)
2009-07-21,Bank of Canada maintains overnight rate target at 1/4 per cent and reiterates conditional commitment to hold current policy rate until the end of the second quarter of 2010,500,0,2,-1.0,-4.0,,stimulative(1); recession(1)
2009-09-10,Bank of Canada maintains overnight rate target at 1/4 per cent and reiterates conditional commitment to hold current policy rate until the end of the second quarter of 2010,362,0,2,-1.0,-5.524861878453039,,stimulative(1); recession(1)
2009-10-20,Bank of Canada maintains overnight rate target at 1/4 per cent and reiterates conditional commitment to hold current policy rate until the end of the second quarter of 2010,487,2,2,0.0,0.0,inflation pressures(1); inflation pressure(1),contracting(1); recession(1)
2009-12-08,Bank of Canada maintains overnight rate target at 1/4 per cent and reiterates conditional commitment to hold current policy rate until the end of the second quarter of 2010,412,0,0,0.0,0.0,,
2010-01-19,Bank of Canada maintains overnight rate target at 1/4 per cent and reiterates conditional commitment to hold current policy rate until the end of the second quarter of 2010,578,0,1,-1.0,-1.7301038062283738,,contracting(1)
2010-04-20,Bank of Canada maintains overnight rate target at 1/4 per cent; removes conditional commitment,562,0,3,-1.0,-5.338078291814947,,recession(1); downside risks(1); ease(1)
2010-06-01,Bank of Canada increases overnight rate target to 1/2 per cent and re-establishes normal functioning of the overnight market,442,2,1,0.3333333333333333,2.2624434389140275,tightening(2),weakness(1)
2010-07-20,Bank of Canada increases overnight rate target to 3/4 per cent,505,0,2,-1.0,-3.9603960396039604,,recession(1); contraction(1)
2010-09-08,Bank of Canada increases overnight rate target to 1 per cent,338,0,3,-1.0,-8.875739644970414,,stimulative(1); weak growth(1); accommodative(1)
2010-10-19,Bank of Canada maintains overnight rate target at 1 per cent,593,0,1,-1.0,-1.6863406408094435,,ease(1)
2010-12-07,Bank of Canada maintains overnight rate target at 1 per cent,342,0,1,-1.0,-2.923976608187134,,ease(1)
2011-01-18,Bank of Canada maintains overnight rate target at 1 per cent,537,1,1,0.0,0.0,overheating(1),stimulative(1)
2011-03-01,Bank of Canada maintains overnight rate target at 1 per cent,378,2,2,0.0,0.0,inflationary pressures(1); inflationary pressure(1),stimulative(2)
2011-04-12,Bank of Canada maintains overnight rate target at 1 per cent,653,3,1,0.5,3.0627871362940278,inflationary pressures(1); inflationary pressure(1); excess demand(1),stimulative(1)
2011-05-31,Bank of Canada maintains overnight rate target at 1 per cent,490,3,1,0.5,4.081632653061225,inflationary pressures(1); inflationary pressure(1); excess demand(1),stimulative(1)
2011-07-19,Bank of Canada maintains overnight rate target at 1 per cent,669,3,1,0.5,2.9895366218236172,inflationary pressures(1); inflationary pressure(1); excess demand(1),stimulative(1)
2011-09-07,Bank of Canada maintains overnight rate target at 1 per cent,543,3,5,-0.25,-3.6832412523020257,inflationary pressures(1); inflationary pressure(1); tighten(1),weakness(2); stimulative(1); recession(1); downside risks(1)
2011-10-25,Bank of Canada maintains overnight rate target at 1 per cent,773,3,7,-0.4,-5.17464424320828,inflationary pressures(1); inflationary pressure(1); tightening(1),downside risks(3); stimulative(1); economic slack(1); recession(1); weakness(1)
2011-12-06,Bank of Canada maintains overnight rate target at 1 per cent,477,1,2,-0.3333333333333333,-2.0964360587002098,tightening(1),recession(1); ease(1)
2012-01-17,Bank of Canada maintains overnight rate target at 1 per cent,638,0,3,-1.0,-4.702194357366771,,downside risks(2); recession(1)
2012-03-08,Bank of Canada maintains overnight rate target at 1 per cent,506,1,2,-0.3333333333333333,-1.976284584980237,tightening(1),economic slack(1); weakness(1)
2012-04-17,Bank of Canada maintains overnight rate target at 1 per cent,615,0,3,-1.0,-4.878048780487805,,economic slack(1); recession(1); easing(1)
2012-06-05,Bank of Canada maintains overnight rate target at 1 per cent,422,0,1,-1.0,-2.3696682464454977,,stimulative(1)
2012-07-17,Bank of Canada maintains overnight rate target at 1 per cent,601,3,4,-0.14285714285714285,-1.663893510815308,inflationary pressures(1); inflationary pressure(1); tightening(1),stimulative(1); recession(1); contraction(1); downside risks(1)
2012-09-05,Bank of Canada maintains overnight rate target at 1 per cent,420,1,3,-0.5,-4.761904761904763,tightening(1),recession(2); stimulative(1)
2012-10-23,Bank of Canada maintains overnight rate target at 1 per cent,541,0,4,-1.0,-7.393715341959335,,recession(2); stimulative(1); contraction(1)
2012-12-04,Bank of Canada maintains overnight rate target at 1 per cent,453,2,3,-0.2,-2.207505518763797,inflationary pressures(1); inflationary pressure(1),stimulative(2); recession(1)
2013-01-23,Bank of Canada maintains overnight rate target at 1 per cent,611,0,4,-1.0,-6.546644844517186,,recession(2); stimulative(1); weakness(1)
2013-03-06,Bank of Canada maintains overnight rate target at 1 per cent,537,0,3,-1.0,-5.58659217877095,,recession(2); stimulative(1)
2013-05-29,Bank of Canada maintains overnight rate target at 1 per cent,432,0,2,-1.0,-4.62962962962963,,recession(1); ease(1)
2013-09-04,Bank of Canada maintains overnight rate target at 1 per cent,389,0,0,0.0,0.0,,
2013-12-04,Bank of Canada maintains overnight rate target at 1 per cent,424,0,2,-1.0,-4.716981132075471,,downside risks(1); ease(1)
2014-01-22,Bank of Canada maintains overnight rate target at 1 per cent,483,0,3,-1.0,-6.211180124223602,,below target(1); downside risks(1); accommodative(1)
2014-03-05,Bank of Canada maintains overnight rate target at 1 per cent,424,0,2,-1.0,-4.716981132075471,,below target(1); downside risks(1)
2014-04-16,Bank of Canada maintains overnight rate target at 1 per cent,628,0,4,-1.0,-6.369426751592357,,economic slack(1); below target(1); downside risks(1); easing(1)
2014-06-04,Bank of Canada maintains overnight rate target at 1 per cent,434,0,3,-1.0,-6.912442396313365,,downside risks(2); stimulative(1)
2014-07-16,Bank of Canada maintains overnight rate target at 1 per cent,488,0,3,-1.0,-6.147540983606557,,stimulative(1); economic slack(1); ease(1)
2014-09-03,Bank of Canada maintains overnight rate target at 1 per cent,420,0,1,-1.0,-2.3809523809523814,,stimulative(1)
2014-10-22,Bank of Canada maintains overnight rate target at 1 per cent,502,2,1,0.3333333333333333,1.9920318725099602,inflationary pressures(1); inflationary pressure(1),weakness(1)
2014-12-03,Bank of Canada maintains overnight rate target at 1 per cent,385,0,0,0.0,0.0,,
2015-03-04,Bank of Canada maintains overnight rate target at 3/4 per cent,407,0,2,-1.0,-4.914004914004914,,ease(1); easing(1)
2015-05-27,Bank of Canada maintains overnight rate target at 3/4 per cent,401,0,1,-1.0,-2.493765586034913,,stimulative(1)
2015-09-09,Bank of Canada maintains overnight rate target at 1/2 per cent,394,2,2,0.0,0.0,inflationary pressures(1); inflationary pressure(1),stimulative(1); economic slack(1)
2015-12-02,Bank of Canada maintains overnight rate target at 1/2 per cent,454,0,2,-1.0,-4.405286343612335,,easing(1); accommodative(1)
2016-03-09,Bank of Canada maintains overnight rate target at 1/2 per cent,462,0,1,-1.0,-2.1645021645021645,,downside risks(1)
2016-05-25,Bank of Canada maintains overnight rate target at 1/2 per cent,412,0,2,-1.0,-4.854368932038835,,weakness(1); accommodative(1)
2016-09-07,Bank of Canada maintains overnight rate target at 1/2 per cent,474,0,2,-1.0,-4.219409282700422,,contraction(1); accommodative(1)
2016-12-07,Bank of Canada maintains overnight rate target at 1/2 per cent,366,0,2,-1.0,-5.46448087431694,,economic slack(2)
2017-01-18,Bank of Canada maintains overnight rate target at 1/2 per cent,474,0,0,0.0,0.0,,
2017-03-01,Bank of Canada maintains overnight rate target at 1/2 per cent,308,0,2,-1.0,-6.493506493506494,,subdued growth(1); economic slack(1)
2017-04-12,Bank of Canada maintains overnight rate target at 1/2 per cent,593,0,1,-1.0,-1.6863406408094435,,accommodative(1)
2017-05-24,Bank of Canada maintains overnight rate target at 1/2 per cent,381,1,0,1.0,2.6246719160104988,strong growth(1),
2017-07-12,Bank of Canada increases overnight rate target to 3/4 per cent,590,1,1,0.0,0.0,strong growth(1),economic slack(1)
2017-09-06,Bank of Canada increases overnight rate target to 1 per cent,456,0,1,-1.0,-2.1929824561403506,,economic slack(1)
2017-10-25,Bank of Canada maintains overnight rate target at 1 per cent,526,1,0,1.0,1.9011406844106464,above target(1),
2017-12-06,Bank of Canada maintains overnight rate target at 1 per cent,436,1,1,0.0,0.0,strong growth(1),economic slack(1)
2018-01-17,Bank of Canada increases overnight rate target to 1 1/4 per cent,604,0,0,0.0,0.0,,
2018-03-07,Bank of Canada maintains overnight rate target at 1 1/4 per cent,459,0,0,0.0,0.0,,
2018-04-18,Bank of Canada maintains overnight rate target at 1 ¼ per cent,602,0,2,-1.0,-3.3222591362126246,,weakness(2)
2018-05-30,Bank of Canada maintains overnight rate target at 1¼ per cent,384,0,0,0.0,0.0,,
2018-07-11,Bank of Canada raises overnight rate target to 1 ½ per cent,536,2,0,1.0,3.7313432835820897,capacity pressures(1); wage pressures(1),
2018-09-05,Bank of Canada maintains overnight rate target at 1 ½ per cent,469,0,0,0.0,0.0,,
2018-10-24,Bank of Canada increases overnight rate target to 1 ¾ per cent,554,0,1,-1.0,-1.8050541516245489,,accommodative(1)
2018-12-05,Bank of Canada maintains overnight rate target at 1 ¾ per cent,544,1,2,-0.3333333333333333,-1.838235294117647,above target(1),downside risks(1); ease(1)
2019-01-09,Bank of Canada maintains overnight rate target at 1 ¾ per cent,622,0,0,0.0,0.0,,
2019-03-06,Bank of Canada maintains overnight rate target at 1 ¾ per cent,449,1,0,1.0,2.2271714922048997,strong growth(1),
2019-04-24,Bank of Canada maintains overnight rate target at 1 ¾ per cent,546,1,2,-0.3333333333333333,-1.8315018315018314,strong growth(1),accommodative(2)
2019-05-29,Bank of Canada maintains overnight rate target at 1 ¾ per cent,386,0,2,-1.0,-5.181347150259067,,weakness(2)
2019-07-10,Bank of Canada maintains overnight rate target at 1 ¾ percent,524,0,2,-1.0,-3.8167938931297707,,weakness(1); accommodative(1)
2019-09-04,Bank of Canada maintains overnight rate target at 1 ¾ percent,442,0,0,0.0,0.0,,
2019-10-30,Bank of Canada maintains overnight rate target at 1 ¾ percent,506,0,0,0.0,0.0,,
2019-12-04,Bank of Canada maintains overnight rate target at 1 ¾ percent,394,1,1,0.0,0.0,strong growth(1),recession(1)
2020-01-22,Bank of Canada maintains overnight rate target at 1 ¾ percent,532,0,0,0.0,0.0,,
2020-03-04,Bank of Canada lowers overnight rate target to 1 ¼ percent,471,0,1,-1.0,-2.1231422505307855,,accommodative(1)
2020-04-15,Bank of Canada maintains overnight rate target and unveils new market operations,852,0,5,-1.0,-5.868544600938967,,ease(3); contraction(2)
2020-06-03,"Bank of Canada maintains target for the overnight rate, scales back some market operations as financial conditions improve",589,0,1,-1.0,-1.697792869269949,,ease(1)
2020-07-15,"Bank of Canada will maintain current level of policy rate until inflation objective is achieved, continues program of quantitative easing",789,2,4,-0.3333333333333333,-2.5348542458808616,inflationary pressures(1); inflationary pressure(1),economic slack(3); easing(1)
2020-09-09,"Bank of Canada maintains commitment to current level of policy rate, continues program of quantitative easing",606,0,5,-1.0,-8.25082508250825,,economic slack(2); below target(1); easing(1); accommodative(1)
2020-10-28,"Bank of Canada will maintain current level of policy rate until inflation objective is achieved, recalibrates its quantitative easing program",666,0,3,-1.0,-4.504504504504505,,economic slack(1); below target(1); easing(1)
2020-12-09,"Bank of Canada will maintain current level of policy rate until inflation objective is achieved, continues its quantitative easing program",613,0,4,-1.0,-6.525285481239805,,economic slack(2); easing(1); accommodative(1)
2021-01-20,"Bank of Canada will hold current level of policy rate until inflation objective is achieved, continues quantitative easing",695,0,3,-1.0,-4.316546762589928,,economic slack(1); easing(1); weakness(1)
2021-03-10,"Bank of Canada will hold current level of policy rate until inflation objective is sustainably achieved, continues quantitative easing",658,0,5,-1.0,-7.598784194528876,,economic slack(2); contraction(1); easing(1); accommodative(1)
2021-04-21,"Bank of Canada will hold current level of policy rate until inflation objective is sustainably achieved, adjusts quantitative easing program",879,1,5,-0.6666666666666666,-4.550625711035267,strong growth(1),ease(2); economic slack(1); contraction(1); easing(1)
2021-06-09,"Bank of Canada will hold current level of policy rate until inflation objective is sustainably achieved, continues quantitative easing",652,1,5,-0.6666666666666666,-6.134969325153374,strong growth(1),easing(2); economic slack(1); ease(1); accommodative(1)
2021-07-14,"Bank of Canada maintains policy rate and forward guidance, adjusts quantitative easing program",779,0,6,-1.0,-7.702182284980744,,ease(2); easing(2); economic slack(1); accommodative(1)
2021-09-08,"Bank of Canada maintains policy rate, continues forward guidance  and current pace of quantitative easing",528,0,4,-1.0,-7.575757575757576,,economic slack(1); contraction(1); easing(1); accommodative(1)
2021-10-27,"Bank of Canada maintains policy rate and forward guidance,  ends quantitative easing",690,0,5,-1.0,-7.246376811594203,,easing(2); economic slack(1); ease(1); accommodative(1)
2021-12-08,Bank of Canada maintains policy rate and forward guidance,579,1,3,-0.5,-3.454231433506045,tightening(1),economic slack(1); ease(1); accommodative(1)
2022-01-26,"Bank of Canada maintains policy rate, removes exceptional forward guidance",677,0,5,-1.0,-7.385524372230428,,economic slack(2); ease(1); weakness(1); accommodative(1)
2022-03-02,Bank of Canada increases policy interest rate,591,5,1,0.6666666666666666,6.768189509306261,inflation pressures(1); further increases(1); inflation pressure(1); tightening(1); elevated inflation(1),economic slack(1)
2022-04-13,"Bank of Canada increases policy interest rate by 50 basis points, begins quantitative tightening",726,7,1,0.75,8.264462809917356,excess demand(2); tightening(2); further increases(1); above target(1); elevated inflation(1),ease(1)
2022-06-01,"Bank of Canada increases policy interest rate by 50 basis points, continues quantitative tightening",483,8,2,0.6,12.422360248447204,excess demand(2); tightening(2); further increases(1); above target(1); elevated inflation(1); wage pressures(1),contracting(1); ease(1)
2022-07-13,"Bank of Canada increases policy interest rate by 100 basis points, continues quantitative tightening",647,10,1,0.8181818181818182,13.910355486862443,excess demand(3); tightening(3); inflationary pressures(1); inflationary pressure(1); elevated inflation(1); wage pressures(1),easing(1)
2022-09-07,"Bank of Canada increases policy interest rate by 75 basis points,  continues quantitative tightening",452,5,0,1.0,11.061946902654867,tightening(2); excess demand(1); tighten(1); elevated inflation(1),
2022-10-26,"Bank of Canada increases policy interest rate by 50 basis points, continues quantitative tightening",687,7,3,0.4,5.822416302765648,tightening(2); elevated inflation(2); inflationary pressures(1); inflationary pressure(1); excess demand(1),ease(2); easing(1)
2022-12-07,"Bank of Canada increases policy interest rate by 50 basis points,  continues quantitative tightening",408,4,1,0.6,7.352941176470588,tightening(2); excess demand(1); elevated inflation(1),easing(1)
2023-01-25,"Bank of Canada increases policy interest rate by 25 basis points, continues quantitative tightening",635,4,0,1.0,6.299212598425196,excess demand(2); tightening(2),
2023-03-08,"Bank of Canada maintains policy rate, continues quantitative tightening",550,2,1,0.3333333333333333,1.8181818181818181,tightening(2),ease(1)
2023-04-12,"Bank of Canada maintains policy rate, continues quantitative tightening",637,2,3,-0.2,-1.5698587127158556,tightening(2),ease(1); easing(1); weakness(1)
2023-06-07,"Bank of Canada raises policy rate 25 basis points, continues quantitative tightening",537,6,1,0.7142857142857143,9.31098696461825,excess demand(3); tightening(2); tight labour market(1),ease(1)
2023-07-12,"Bank of Canada raises policy rate 25 basis points, continues quantitative tightening",739,9,5,0.2857142857142857,5.412719891745603,excess demand(3); tightening(2); persistent inflation(1); inflationary pressures(1); inflationary pressure(1); tight labour market(1),easing(2); contracting(1); ease(1); weakness(1)
2023-09-06,"Bank of Canada maintains policy rate, continues quantitative tightening",543,8,7,0.06666666666666667,1.8416206261510129,inflationary pressures(2); inflationary pressure(2); excess demand(2); tightening(1); elevated inflation(1),easing(3); contracting(1); contraction(1); ease(1); weakness(1)
2023-10-25,"Bank of Canada maintains policy rate, continues quantitative tightening",700,2,6,-0.5,-5.714285714285714,tightening(1); wage pressures(1),easing(4); ease(1); weakness(1)
2023-12-06,"Bank of Canada maintains policy rate, continues quantitative tightening",526,6,3,0.3333333333333333,5.7034220532319395,inflationary pressures(2); inflationary pressure(2); excess demand(1); tightening(1),easing(2); ease(1)
2024-01-24,"Bank of Canada maintains policy rate, continues quantitative tightening",546,2,5,-0.42857142857142855,-5.4945054945054945,tightening(2),easing(3); weak growth(1); contraction(1)
2024-03-06,"Bank of Canada maintains policy rate, continues quantitative tightening",429,4,6,-0.2,-4.662004662004662,inflationary pressures(1); inflationary pressure(1); tightening(1); wage pressures(1),easing(3); contracting(2); ease(1)
2024-04-10,"Bank of Canada maintains policy rate, continues quantitative tightening",607,2,5,-0.42857142857142855,-4.942339373970346,tightening(1); wage pressures(1),easing(2); weak growth(1); ease(1); weakness(1)
2024-06-05,Bank of Canada reduces policy rate by 25 basis points,458,1,3,-0.5,-4.366812227074235,wage pressures(1),ease(1); easing(1); weakness(1)
2024-07-24,Bank of Canada reduces policy rate by 25 basis points to 4½%,651,4,5,-0.1111111111111111,-1.5360983102918586,inflationary pressures(2); inflationary pressure(2),ease(4); easing(1)
2024-09-04,Bank of Canada reduces policy rate by 25 basis points to 4¼%,403,2,1,0.3333333333333333,2.4813895781637716,inflationary pressures(1); inflationary pressure(1),easing(1)
2024-10-23,Bank of Canada reduces policy rate by 50 basis points to 3¾%,649,2,1,0.3333333333333333,1.5408320493066257,inflationary pressures(1); inflationary pressure(1),ease(1)
2024-12-11,Bank of Canada reduces policy rate by 50 basis points to 3¼%,619,0,1,-1.0,-1.6155088852988693,,easing(1)
2025-01-29,"Bank of Canada reduces policy rate by 25 basis points to 3%, announces end of quantitative tightening",1416,6,3,0.3333333333333333,2.1186440677966103,tightening(3); persistent inflation(1); strong growth(1); wage pressures(1),easing(2); downside risks(1)
2025-03-12,Bank of Canada reduces policy rate by 25 basis points to 2¾%,619,3,0,1.0,4.846526655896607,inflationary pressures(1); inflationary pressure(1); above target(1),
2025-04-16,Bank of Canada holds policy rate at 2¾%,699,0,5,-1.0,-7.15307582260372,,weakness(2); deteriorating(1); recession(1); easing(1)
2025-06-04,Bank of Canada holds policy rate at 2¾%,676,2,1,0.3333333333333333,1.4792899408284024,inflationary pressures(1); inflationary pressure(1),contraction(1)
2025-07-30,Bank of Canada holds policy rate at 2¾%,871,1,5,-0.6666666666666666,-4.5924225028702645,robust growth(1),ease(2); economic slack(1); contracting(1); contraction(1)
2025-09-17,Bank of Canada lowers policy rate to 2½%,595,0,2,-1.0,-3.361344537815126,,ease(1); weakness(1)
2025-10-29,Bank of Canada lowers policy rate to 2¼%,715,2,2,0.0,0.0,inflationary pressures(1); inflationary pressure(1),ease(1); weakness(1)
2025-12-10,Bank of Canada maintains policy rate at 2¼%,490,0,2,-1.0,-4.081632653061225,,economic slack(1); weakness(1)
2026-01-28,Bank of Canada maintains policy rate at 2¼%,551,0,2,-1.0,-3.629764065335753,,weakness(1); accommodative(1)
2026-03-18,Bank of Canada maintains policy rate at 2¼%,626,1,2,-0.3333333333333333,-1.5974440894568689,above target(1),weakness(1); accommodative(1)
2026-04-29,Bank of Canada maintains policy rate at 2¼%,744,1,3,-0.5,-2.688172043010753,persistent inflation(1),contraction(1); ease(1); easing(1)
